age_group,书籍,家居,服装,电子产品,食品
青年,0.22592592592592592,0.1814814814814815,0.17777777777777778,0.17037037037037037,0.24444444444444444
中年,0.18344155844155843,0.21103896103896103,0.19967532467532467,0.20941558441558442,0.19642857142857142
中老年,0.2213855421686747,0.19427710843373494,0.1746987951807229,0.21385542168674698,0.19578313253012047
老年,0.21106941838649157,0.20919324577861162,0.1951219512195122,0.199812382739212,0.1848030018761726
