age_group,书籍,家居,服装,电子产品,食品
青年,0.22846441947565543,0.1760299625468165,0.21722846441947566,0.16853932584269662,0.20973782771535582
中年,0.18849840255591055,0.17731629392971246,0.19968051118210864,0.22044728434504793,0.21405750798722045
中老年,0.18575851393188855,0.2260061919504644,0.2306501547987616,0.17647058823529413,0.18111455108359134
老年,0.2032590051457976,0.17495711835334476,0.20840480274442538,0.20668953687821612,0.20668953687821612
