age_group,书籍,家居,服装,电子产品,食品
青年,0.1895910780669145,0.17843866171003717,0.21561338289962825,0.20446096654275092,0.21189591078066913
中年,0.2450229709035222,0.1638591117917305,0.19601837672281777,0.17457886676875958,0.22052067381316998
中老年,0.2150706436420722,0.17582417582417584,0.20565149136577707,0.1946624803767661,0.2087912087912088
老年,0.20238095238095238,0.2032312925170068,0.18877551020408162,0.21343537414965985,0.1921768707482993
