age_group,书籍,家居,服装,电子产品,食品
青年,0.18532818532818532,0.1891891891891892,0.18532818532818532,0.21621621621621623,0.22393822393822393
中年,0.19407407407407407,0.18962962962962962,0.1748148148148148,0.23703703703703705,0.20444444444444446
中老年,0.21428571428571427,0.17857142857142858,0.23363095238095238,0.19940476190476192,0.17410714285714285
老年,0.18006993006993008,0.2194055944055944,0.20279720279720279,0.20367132867132867,0.19405594405594406
