gender,书籍,家居,服装,电子产品,食品
其他,0.28888888888888886,0.15555555555555556,0.2222222222222222,0.2,0.13333333333333333
女,0.19968178202068418,0.2211614956245028,0.19411296738265713,0.17979315831344472,0.2052505966587112
未指定,0.19047619047619047,0.2857142857142857,0.30952380952380953,0.11904761904761904,0.09523809523809523
男,0.2054794520547945,0.18949771689497716,0.1841704718417047,0.20928462709284626,0.2115677321156773
