gender,书籍,家居,服装,电子产品,食品
其他,0.17391304347826086,0.21739130434782608,0.17391304347826086,0.21739130434782608,0.21739130434782608
女,0.19044062733383121,0.19940253920836445,0.20089619118745333,0.20687079910380882,0.20238984316654218
未指定,0.1320754716981132,0.20754716981132076,0.20754716981132076,0.18867924528301888,0.2641509433962264
男,0.1995268138801262,0.2058359621451104,0.19400630914826497,0.20347003154574134,0.1971608832807571
