gender,书籍,家居,服装,电子产品,食品
其他,0.20754716981132076,0.1509433962264151,0.22641509433962265,0.2830188679245283,0.1320754716981132
女,0.22280178837555886,0.18628912071535023,0.1855439642324888,0.19076005961251863,0.21460506706408347
未指定,0.14,0.16,0.2,0.22,0.28
男,0.20852713178294574,0.18604651162790697,0.20775193798449612,0.20310077519379846,0.1945736434108527
