gender,书籍,家居,服装,电子产品,食品
其他,0.3018867924528302,0.20754716981132076,0.1320754716981132,0.16981132075471697,0.18867924528301888
女,0.18941717791411042,0.20245398773006135,0.19938650306748465,0.21395705521472394,0.19478527607361965
未指定,0.2641509433962264,0.20754716981132076,0.16981132075471697,0.22641509433962265,0.1320754716981132
男,0.1880597014925373,0.19552238805970149,0.2082089552238806,0.21119402985074626,0.19701492537313434
