gender,书籍,家居,服装,电子产品,食品
其他,0.23255813953488372,0.16279069767441862,0.16279069767441862,0.2558139534883721,0.18604651162790697
女,0.19169811320754718,0.19169811320754718,0.2,0.2211320754716981,0.19547169811320755
未指定,0.15151515151515152,0.16666666666666666,0.21212121212121213,0.21212121212121213,0.25757575757575757
男,0.21084337349397592,0.19954819277108435,0.2063253012048193,0.1927710843373494,0.1905120481927711
