age_group,书籍,家居,服装,电子产品,食品
青年,0.17338709677419356,0.24193548387096775,0.1814516129032258,0.2056451612903226,0.1975806451612903
中年,0.20751633986928106,0.21241830065359477,0.19117647058823528,0.1895424836601307,0.19934640522875818
中老年,0.21189024390243902,0.21036585365853658,0.2027439024390244,0.1798780487804878,0.1951219512195122
老年,0.2040280210157618,0.19089316987740806,0.18739054290718038,0.20140105078809106,0.21628721541155868
