gender,书籍,家居,服装,电子产品,食品
其他,0.18604651162790697,0.11627906976744186,0.32558139534883723,0.2558139534883721,0.11627906976744186
女,0.20364500792393028,0.18858954041204437,0.21236133122028525,0.19096671949286848,0.20443740095087162
未指定,0.21428571428571427,0.17857142857142858,0.19642857142857142,0.23214285714285715,0.17857142857142858
男,0.19270833333333334,0.18973214285714285,0.20982142857142858,0.203125,0.20461309523809523
