age_group,书籍,家居,服装,电子产品,食品
青年,0.2109375,0.1484375,0.15625,0.2109375,0.2734375
中年,0.19448698315467075,0.20367534456355282,0.19295558958652373,0.2082695252679939,0.2006125574272588
中老年,0.19062027231467474,0.19818456883509833,0.18910741301059,0.2178517397881997,0.2042360060514372
老年,0.19014084507042253,0.21742957746478872,0.21390845070422534,0.19454225352112675,0.18397887323943662
