gender,书籍,家居,服装,电子产品,食品
其他,0.21739130434782608,0.15217391304347827,0.10869565217391304,0.2608695652173913,0.2608695652173913
女,0.21389539422326306,0.20140515222482436,0.20062451209992194,0.1912568306010929,0.19281811085089773
未指定,0.11363636363636363,0.18181818181818182,0.25,0.1590909090909091,0.29545454545454547
男,0.20642570281124498,0.20722891566265061,0.1783132530120482,0.21365461847389558,0.19437751004016066
