gender,书籍,家居,服装,电子产品,食品
其他,0.20754716981132076,0.1320754716981132,0.1509433962264151,0.3018867924528302,0.20754716981132076
女,0.19389312977099238,0.19389312977099238,0.20229007633587787,0.1984732824427481,0.21145038167938932
未指定,0.14864864864864866,0.24324324324324326,0.28378378378378377,0.17567567567567569,0.14864864864864866
男,0.20426829268292682,0.17835365853658536,0.1989329268292683,0.1951219512195122,0.22332317073170732
