age_group,书籍,家居,服装,电子产品,食品
青年,0.2,0.14909090909090908,0.1890909090909091,0.21454545454545454,0.24727272727272728
中年,0.20583717357910905,0.1935483870967742,0.2012288786482335,0.19969278033794163,0.19969278033794163
中老年,0.19938650306748465,0.17177914110429449,0.2254601226993865,0.19631901840490798,0.20705521472392638
老年,0.19214346712211786,0.19982920580700256,0.19214346712211786,0.19470538001707943,0.22117847993168233
