age_group,书籍,家居,服装,电子产品,食品
青年,0.21352313167259787,0.2099644128113879,0.18149466192170818,0.20284697508896798,0.19217081850533807
中年,0.22406015037593985,0.17593984962406015,0.21804511278195488,0.19548872180451127,0.18646616541353384
中老年,0.18425196850393702,0.19370078740157481,0.2078740157480315,0.2125984251968504,0.2015748031496063
老年,0.1930567315834039,0.20152413209144793,0.1964436917866215,0.21337849280270957,0.1955969517358171
