age_group,书籍,家居,服装,电子产品,食品
青年,0.20796839114017673,0.17149363540815135,0.21162754486356028,0.2409202382342637,0.16799019035384796
中年,0.18950979476423785,0.20862380802771574,0.21969651939847326,0.1846442551818421,0.19752562262773102
中老年,0.18683863199573947,0.19099111615378084,0.21262571298461727,0.20992428277027808,0.19962025609558431
老年,0.19491404395094347,0.19584233357730688,0.205968723780281,0.20413445918203402,0.19914043950943464
