gender,书籍,家居,服装,电子产品,食品
其他,0.1251833088921477,0.2001066524463405,0.32489001466471135,0.07492334355419278,0.2748966804426077
女,0.17530996076644845,0.2054361443511933,0.22312069717117847,0.19807641706168583,0.19805678064949397
未指定,0.15870061754504694,0.23813552152948142,0.2540394213687505,0.19059301243549615,0.15853142712122495
男,0.20364938936436197,0.1863360258999263,0.19305141520017952,0.21486040324390165,0.2021027662916306
