gender,书籍,家居,服装,电子产品,食品
其他,0.18861281561211146,0.1701036113067096,0.32079267679307916,0.2075243939241525,0.11296650236394729
女,0.21449030320618778,0.18614647605348272,0.2105703674729453,0.19950874625145631,0.1892841070159279
未指定,0.2274600096946195,0.1362094037809016,0.22721764420746485,0.20467765390208434,0.20443528841492972
男,0.20933949252358955,0.20363859272719312,0.19623442870591326,0.203590428443199,0.18719705760010508
