age_group,书籍,家居,服装,电子产品,食品
青年,0.22835463258785943,0.17607827476038337,0.21721246006389777,0.16873003194888178,0.20962460063897764
中年,0.18855887087844225,0.17734090851014897,0.1995979591315236,0.22054326624134377,0.21395899523854142
中老年,0.1857542706639035,0.22581470809217533,0.23059520959072632,0.17657306571331852,0.18126274593987632
老年,0.20328408727073138,0.17497598682705942,0.20845721081278873,0.2065727484791657,0.20670996661025476
