age_group,书籍,家居,服装,电子产品,食品
青年,0.20005818463925523,0.1490690457719162,0.189177657098526,0.21458494957331264,0.24711016291698992
中年,0.20584620930346872,0.19350002457767365,0.2012092215431502,0.19974275368255476,0.19970179089315265
中老年,0.1992130621860838,0.17190746527493742,0.2254715900724768,0.19628454100747672,0.20712334145902525
老年,0.1921190119385445,0.1997667861583941,0.19221466605326568,0.1947335577409231,0.2211659781088726
