age_group,书籍,家居,服装,电子产品,食品
青年,0.17349309469517704,0.24190078733382095,0.18153852772877857,0.2054597082992729,0.19760788194295056
中年,0.20758942186206597,0.21239925064261753,0.19114712673724568,0.18947414281357558,0.19939005794449527
中老年,0.21191794521550358,0.21038124740834696,0.2027058890487922,0.17993186493320648,0.19506305339415078
老年,0.20403664926355902,0.19086290149342947,0.1874445451064267,0.20137481437204047,0.21628108976454435
