age_group,书籍,家居,服装,电子产品,食品
青年,0.18741766880550717,0.25094548081417584,0.1911570985424723,0.15939319253813794,0.2110865592997068
中年,0.2071238322401113,0.19681176704432518,0.19083283641423177,0.21746770025839793,0.1877638640429338
中老年,0.2192848960890198,0.1887988872524955,0.2007936507936508,0.19178530518736706,0.19933726067746688
老年,0.19842764759189058,0.21078726745648038,0.1939535126466667,0.20376529532611842,0.19306627697884393
