age_group,书籍,家居,服装,电子产品,食品
青年,0.19860578459571748,0.21728187919463088,0.254693991690636,0.1873002556727389,0.14211808884627677
中年,0.1677321682106634,0.18389902967454483,0.19417490959578923,0.2264145023258003,0.22777939019320223
中老年,0.2038959169638716,0.19191709181633534,0.2038079549634558,0.20249652150271083,0.19788251475362642
老年,0.218546640303149,0.21143037813401036,0.18844881529335705,0.2195187556923019,0.1620554105771817
