gender,书籍,家居,服装,电子产品,食品
其他,0.2059008160703076,0.13221908349026992,0.2794256120527307,0.1618016321406152,0.22065285624607658
女,0.206638930838511,0.22716736987788103,0.19085138335597912,0.2003247531749671,0.17501756275266175
未指定,0.17463811055616693,0.14272411749767205,0.3015322102768137,0.23829679167019385,0.14280876999915348
男,0.20400571541190382,0.19172086453816845,0.1885716397319669,0.20013385231901196,0.2155679279989489
