gender,书籍,家居,服装,电子产品,食品
其他,0.20691240003676808,0.31059840058828936,0.15516131997426233,0.2068204798235132,0.12050739957716702
女,0.2142752479475511,0.19466551676498048,0.20252364345791066,0.19543165271852667,0.1931039391110311
未指定,0.1454474934548628,0.1637738776301755,0.272762532725686,0.19984485600698149,0.2181712401822942
男,0.18628203737241386,0.22063327797297635,0.19407282529773578,0.20887407048847864,0.19013778886839536
