age_group,书籍,家居,服装,电子产品,食品
青年,0.18963773719588364,0.17849423988261653,0.21569210635893166,0.20433049788828744,0.21184541867428072
中年,0.24500694047521843,0.16394218992406304,0.19595002857842736,0.1745243733159141,0.22057646770637707
中老年,0.21505538391982518,0.17586383007225445,0.20563634993595056,0.19470189804000368,0.2087425380319661
老年,0.2023861909406401,0.20317100278993808,0.1887767369065711,0.21348243246308435,0.19218363689976636
