age_group,书籍,家居,服装,电子产品,食品
青年,0.20396970488378166,0.20823539653521372,0.20005223295899713,0.19994341429441978,0.1877992513275877
中年,0.18993763454476384,0.21804957578827402,0.19871470178548817,0.19294510573635557,0.2003529821451184
中老年,0.20653978796781197,0.2215480904330055,0.2051028228381658,0.20060831523821687,0.16620098352279986
老年,0.18805527430372346,0.20152208737979455,0.22007995474618408,0.17914236413159734,0.21120031943870057
