gender,书籍,家居,服装,电子产品,食品
其他,0.16668013250383776,0.16659933748081118,0.27268320271471275,0.22727639977377392,0.16676092752686433
女,0.18749350514392601,0.21345993972773564,0.2102038518826423,0.192390626623714,0.19645207662198205
未指定,0.2593506365340965,0.24089608210796407,0.11112207638409158,0.2406987071943156,0.1479324977795322
男,0.19810865141314532,0.21599019239580453,0.2004367190757076,0.18962193667160623,0.1958425004437363
