gender,书籍,家居,服装,电子产品,食品
其他,0.18620518546086093,0.11623868006450813,0.32551792581565564,0.2557995285944672,0.11623868006450813
女,0.20365706268646624,0.1885580506934643,0.212332761433075,0.19097947075279542,0.20447265443419907
未指定,0.2142653080658985,0.17845919436244168,0.19655270926578422,0.23216836491762688,0.17855442338824873
男,0.19272065008649833,0.18970907994349834,0.20982192454806609,0.20314409510054438,0.20460425032139287
