age_group,书籍,家居,服装,电子产品,食品
青年,0.20989360535263793,0.22209059997806296,0.21384227267741582,0.19758692552374685,0.15658659646813644
中年,0.18563425543926695,0.18419246970947148,0.2393103747774352,0.2133321752725062,0.17753072480132018
中老年,0.21745830158326984,0.19675726018118703,0.19530945728558124,0.1745999491998984,0.2158750317500635
老年,0.22351550068854104,0.18982808371490995,0.19258224780664407,0.21163755979115068,0.1824366079987543
