gender,书籍,家居,服装,电子产品,食品
其他,0.2341391442515038,0.2979230507320395,0.21257519010328,0.06389740097605266,0.19146521393712404
女,0.1850532929798013,0.2051245147707086,0.22047091913941708,0.19428909796697152,0.1950621751431015
未指定,0.21748203106886158,0.21771388824484117,0.21725017389288198,0.17354509622072803,0.17400881057268722
男,0.20161981626447564,0.21381493821569517,0.19783916672057966,0.190338519764508,0.19638755903474153
