gender,书籍,家居,服装,电子产品,食品
其他,0.20736492604889828,0.15082000201227488,0.22648153737800583,0.28312707515846663,0.13220645940235437
女,0.22278441769047627,0.18630884007106716,0.18553377876173024,0.19075649958464663,0.21461646389207967
未指定,0.13982508532423207,0.1601962457337884,0.19987201365187712,0.22024317406143346,0.27986348122866894
男,0.2085674476679525,0.1860345889717161,0.20774055377084288,0.20308927559960144,0.1945681339898871
