gender,书籍,家居,服装,电子产品,食品
其他,0.28871235475456486,0.15567939293336494,0.22219587384396491,0.19990514583827365,0.13350723262983163
女,0.1997513767617884,0.22111345874805896,0.1941128053695831,0.17980211966160087,0.20522023945896867
未指定,0.19065159405563317,0.2854058173504382,0.30966594690715105,0.11901435285151785,0.09526228883525975
男,0.2054916286149163,0.1895119228817859,0.18419888381532218,0.20921765601217657,0.2115799086757991
