age_group,书籍,家居,服装,电子产品,食品
青年,0.16665582514798674,0.22769357531603027,0.2072247880483098,0.18699451419154794,0.21143129729612525
中年,0.19599304592032898,0.22095919493154578,0.20064860166162385,0.20840507514083684,0.17399408234566457
中老年,0.18507589608401717,0.22800289127939113,0.1929928993579659,0.2041243250138186,0.18980398826480718
老年,0.21574935633427167,0.18808444154775608,0.19934454721525013,0.2010039798649342,0.1958176750377879
