age_group,书籍,家居,服装,电子产品,食品
青年,0.23781823536991697,0.19993372972773962,0.18971706275426614,0.19654658247887635,0.17598438966920088
中年,0.16998196363385315,0.2249281565798217,0.21192298730550496,0.21352813759417313,0.17963875488664705
中老年,0.17237726731563835,0.21191084809860636,0.21506232929476854,0.18718922893760068,0.2134603263533861
老年,0.20672910819675236,0.21295748517447502,0.19961096307935502,0.1837276552243115,0.19697478832510612
