age_group,书籍,家居,服装,电子产品,食品
青年,0.19363161402678936,0.1815484509040872,0.21366988454344132,0.16937928662036938,0.2417707639053127
中年,0.18730283613365914,0.2154977418354301,0.19994401870077996,0.19582107166362805,0.20143433166650276
中老年,0.19278550655688645,0.20147942388410156,0.20724979090092924,0.19996009852594746,0.19852518013213527
老年,0.18363417681391836,0.18621216924310516,0.21937177168217503,0.21935312435899826,0.1914287579018032
