gender,书籍,家居,服装,电子产品,食品
其他,0.3018126888217523,0.20755287009063444,0.13212487411883184,0.16988922457200403,0.18862034239677744
女,0.18942576314723844,0.20245336038383352,0.19936927614006814,0.2139389154985459,0.19481268483031403
未指定,0.2642857142857143,0.20754527162977868,0.16991951710261569,0.22605633802816902,0.13219315895372233
男,0.18806687706702432,0.19552507890013412,0.20821277764290574,0.21120958979889917,0.19698567659103663
