gender,书籍,家居,服装,电子产品,食品
其他,0.2157190635451505,0.2157190635451505,0.19607023411371238,0.23515886287625418,0.13733277591973245
女,0.1743759393775287,0.20456552195053038,0.21114656055379616,0.2170997123493562,0.19281226576878854
未指定,0.20933118252884975,0.279066881747115,0.16267526988460107,0.11639161186251396,0.2325350539769202
男,0.21051916715936148,0.18202809159329508,0.21353525830523643,0.19395263738195298,0.19996484556015404
