age_group,书籍,家居,服装,电子产品,食品
青年,0.18544518785383426,0.18933607822954193,0.18530108080288213,0.2161811631497684,0.22373648996397325
中年,0.19405461786459322,0.18965326506100258,0.1749399456349959,0.23700139073266324,0.20435078070674506
中老年,0.21422901684367607,0.1786366306297725,0.23347779841564667,0.1994491276531568,0.17420742645774792
老年,0.1801089930958608,0.21931946911318406,0.20281666503503348,0.20366045247518752,0.19409442028073415
