gender,书籍,家居,服装,电子产品,食品
其他,0.2884674525884162,0.1922091235263967,0.1539723218862122,0.173347001537673,0.1920041004613019
女,0.19604933437744715,0.19899373531714956,0.20039154267815193,0.2269185591229444,0.17764682850430696
未指定,0.2001919795221843,0.18003412969283278,0.1397184300341297,0.17982081911262798,0.3002346416382253
男,0.20157597123081603,0.20310110467999284,0.2039095087486822,0.20314277499281186,0.18827064034769708
