gender,书籍,家居,服装,电子产品,食品
其他,0.20744466800804828,0.13199195171026157,0.15100603621730382,0.3019114688128773,0.20764587525150904
女,0.1938168507713668,0.19390235461293226,0.20233059042438406,0.19850327561145426,0.21144692857986264
未指定,0.148482007644047,0.24316723155693373,0.2839114444364318,0.17574096776519796,0.14869834859738948
男,0.2042650579880406,0.17833405826852955,0.19896422343180256,0.19512680945857502,0.22330985085305224
