age_group,书籍,家居,服装,电子产品,食品
青年,0.20261505199217544,0.1929373005250695,0.1913929784824462,0.21013075259960878,0.2029239164007001
中年,0.20139091325532005,0.19739307874901096,0.20139091325532005,0.20168242202140507,0.1981426727189439
中老年,0.20305540523664822,0.1981018190900387,0.19997502393539524,0.1971444032801898,0.20172334845772802
老年,0.1995219048069868,0.20165203190457032,0.1966343991858181,0.19942723249153865,0.20276443161108612
