gender,书籍,家居,服装,电子产品,食品
其他,0.2073109664496745,0.1957936905358037,0.1957936905358037,0.200300450676014,0.20080120180270405
女,0.19950959000893545,0.2014005776863454,0.20121355692704113,0.1993433493339983,0.19853292604367972
未指定,0.18904507998061076,0.21619001454192924,0.2060106640814348,0.20310227823557925,0.18565196316044597
男,0.19840224188050276,0.201246418637723,0.20055628751280924,0.20013802622498275,0.19965702574398225
