age_group,书籍,家居,服装,电子产品,食品
青年,0.2027012987012987,0.19844155844155845,0.19584415584415585,0.2003116883116883,0.2027012987012987
中年,0.1972212950600801,0.19813918558077437,0.2062333110814419,0.201727303070761,0.1966789052069426
中老年,0.2003603456041931,0.19995086196306458,0.1985995659473404,0.20179353834814298,0.19929568813725893
老年,0.19997141904444338,0.19937598247034727,0.2032105940075263,0.199876149192588,0.19756585528509504
