age_group,书籍,家居,服装,电子产品,食品
青年,0.19725303750660328,0.20084521922873746,0.20412044374009508,0.19683042789223454,0.20095087163232964
中年,0.20048319240221602,0.20231599116924232,0.2038988628316741,0.19781730328654143,0.19548465031032616
中老年,0.2008013879709187,0.20456047587574355,0.19824025115664243,0.2008013879709187,0.1955964970257766
老年,0.19732986767485822,0.19948015122873347,0.199976370510397,0.2010633270321361,0.20215028355387524
