gender,书籍,家居,服装,电子产品,食品
其他,0.2181544633901705,0.1905717151454363,0.20611835506519557,0.19558676028084251,0.18956870611835505
女,0.20160107297036758,0.19770317280690725,0.20147533425541725,0.19904438576637748,0.20017603420093047
未指定,0.20537046245648932,0.18697165589259074,0.20387866732968674,0.20288413724515167,0.20089507707608156
男,0.19995028688609484,0.19897673840545188,0.20042670422768608,0.19990885929117386,0.2007374111895934
