age_group,书籍,家居,服装,电子产品,食品
青年,0.19195402298850575,0.1973876698014629,0.2058516196447231,0.1986415882967607,0.20616509926854754
中年,0.2018991540885719,0.2018991540885719,0.19957704428595124,0.205506717531929,0.19111793000497596
中老年,0.20044737169131352,0.19850047636800464,0.2026013835383787,0.20053021830081605,0.1979205501014871
老年,0.20249922936475945,0.2000569084485334,0.19813624831053042,0.19934555284186564,0.19996206103431105
