gender,书籍,家居,服装,电子产品,食品
其他,0.1704951505870342,0.2057172026544155,0.20877998979070955,0.20929045431342522,0.2057172026544155
女,0.19861227922624053,0.2013246425567704,0.20046257359125316,0.19983179142136248,0.19976871320437342
未指定,0.20593869731800765,0.19875478927203066,0.21408045977011494,0.19636015325670497,0.18486590038314177
男,0.2033558572520819,0.19719794185109416,0.19790052280288473,0.20120678610542847,0.20033889198851074
