age_group,书籍,家居,服装,电子产品,食品
青年,0.20375557630459593,0.19400352733686066,0.19825708061002179,0.20105820105820105,0.20292561469032058
中年,0.20239886325643597,0.20001671681711802,0.2008943497158141,0.19537780006686728,0.20131227014376463
中老年,0.2008173273395995,0.2,0.19991826726604006,0.19991826726604006,0.1993461381283204
老年,0.20017634582846794,0.19650644615494603,0.20258322808188164,0.20117722755761028,0.1995567523770941
