gender,书籍,家居,服装,电子产品,食品
其他,0.19080919080919082,0.21078921078921078,0.1973026973026973,0.19880119880119881,0.2022977022977023
女,0.20003750703256862,0.19995415807130504,0.19801629472192703,0.19947490154403952,0.20251713863015983
未指定,0.20257731958762887,0.211340206185567,0.1979381443298969,0.2036082474226804,0.18453608247422681
男,0.20257141073917656,0.19691264276946763,0.1981609004098446,0.20138556598081844,0.2009694801006928
