age_group,书籍,家居,服装,电子产品,食品
青年,0.1972614022444147,0.20004118192113662,0.20240914238649232,0.20282096159785853,0.1974673118500978
中年,0.20391353430614206,0.19760003344901117,0.1977254672408747,0.19872893757578292,0.20203202742818915
中老年,0.19962335216572505,0.19962335216572505,0.2005440468717305,0.20096254446536932,0.1992467043314501
老年,0.19983519717480872,0.20004708652148323,0.1996468510888758,0.20096527369040612,0.19950559152442612
