gender,书籍,家居,服装,电子产品,食品
其他,0.2178169358786099,0.1943220753793441,0.19138521781693588,0.19823788546255505,0.19823788546255505
女,0.1990499508234457,0.20032644861573232,0.20133090589490865,0.20076589867537195,0.19852679599054135
未指定,0.18974604695735506,0.1964542405366555,0.20316243411595591,0.2103497843794921,0.20028749401054144
男,0.1979701765696816,0.20227523241062328,0.19819894765301665,0.2021920429257742,0.19936360044090426
