gender,书籍,家居,服装,电子产品,食品
其他,0.21810699588477367,0.19855967078189302,0.18518518518518517,0.2037037037037037,0.19444444444444445
女,0.19967010481479935,0.20019209086733203,0.19958658704639412,0.20321960997202154,0.19733160729945295
未指定,0.2070506454816286,0.18669314796425024,0.211519364448858,0.1861966236345581,0.20854021847070506
男,0.2010675417462823,0.20015369278059317,0.20115061892498132,0.19940599817230206,0.19822214837584115
