age_group,书籍,家居,服装,电子产品,食品
青年,0.2008238928939238,0.20339855818743563,0.1973223480947477,0.20061791967044285,0.19783728115345006
中年,0.19848841531408748,0.20026432081939455,0.2008012224837897,0.2010903233800025,0.1993557180027258
中老年,0.19741033384354445,0.19811359781574484,0.2019608654283705,0.20175402308360568,0.20076117982873454
老年,0.19912180221458572,0.20267754868270332,0.19821496754486445,0.2020332187857961,0.1979524627720504
