gender,书籍,家居,服装,电子产品,食品
其他,0.203125,0.20161290322580644,0.19606854838709678,0.19959677419354838,0.19959677419354838
女,0.20162181317879552,0.19866169143857748,0.20251818807196015,0.20024598194742657,0.19695232536324028
未指定,0.18089430894308944,0.2027439024390244,0.21544715447154472,0.1951219512195122,0.20579268292682926
男,0.19834848264242777,0.19934688104499032,0.20138527778355556,0.20169727728435635,0.19922208124467
