age_group,书籍,家居,服装,电子产品,食品
青年,0.19436678057367712,0.20099409754582168,0.19840530185357771,0.20834627731179456,0.19788754271512893
中年,0.19766232685828378,0.19920136433592614,0.19666403227819143,0.2031945426562955,0.20327773387130318
中老年,0.20132356613668526,0.20386248231082993,0.19886789311579123,0.19707816532090236,0.19886789311579123
老年,0.19791370990632984,0.201012394739332,0.20113066515280537,0.19661273535812282,0.20333049484340998
