gender,书籍,家居,服装,电子产品,食品
其他,0.19470793809286072,0.21018472291562657,0.1927109335996006,0.19970044932601097,0.20269595606590116
女,0.19812228169956508,0.2025342924054868,0.20182335229173637,0.19770408163265307,0.19981599197055872
未指定,0.20083030617540218,0.20705760249091854,0.20550077841203945,0.18578100674623768,0.20083030617540218
男,0.19858641130870952,0.1993947684782158,0.19672097168677197,0.20169547734527216,0.20360237118103056
