age_group,书籍,家居,服装,电子产品,食品
青年,0.19970529720004745,0.20313301085267896,0.19620308003057405,0.20404912817088347,0.19690948374581607
中年,0.20277619562189372,0.20050432327791942,0.1961235997920426,0.2015474371736249,0.19904844413451933
中老年,0.19872890640177346,0.19972354224308234,0.1999504123580565,0.19892739003119853,0.2026697489658892
老年,0.2009407337010765,0.20056271299175363,0.2005820306833122,0.19961715618075854,0.19829736644309912
