age_group,书籍,家居,服装,电子产品,食品
青年,0.1971696026717093,0.2019567837751164,0.1962744252396908,0.20206017980957436,0.20253900850390916
中年,0.19808189242576227,0.1994142852983757,0.19839817307123947,0.20328883348463636,0.2008168157199862
中老年,0.2032647653935941,0.19457387624517117,0.20024332433605396,0.20088426316394045,0.20103377086124033
老年,0.20177362656700937,0.19917050579708062,0.19879321085933743,0.20235211185578433,0.19791054492078825
