age_group,书籍,家居,服装,电子产品,食品
青年,0.19537947838642722,0.20272908526205397,0.20242472005968473,0.19539853624440245,0.20406818004743166
中年,0.20176371653256966,0.2007876189494201,0.19500176837306352,0.20200607788158886,0.20044081826335786
中老年,0.20250729670192827,0.20065991021176166,0.20432531754094246,0.19515727293341437,0.19735020261195324
老年,0.20108595074871993,0.2018557188204509,0.19794859710336601,0.20133635874976646,0.19777337457769667
