age_group,书籍,家居,服装,电子产品,食品
青年,0.20375175951910904,0.19401464716662092,0.1982568588046779,0.2010637897607054,0.20291294474888674
中年,0.20238762830348314,0.20000476972907047,0.20089809094937222,0.19540131252245563,0.20130819849561854
中老年,0.20081160661098876,0.19999359189108307,0.19992624135858883,0.1999238437668172,0.19934471637252213
老年,0.20018649937221367,0.19652094915140497,0.20257271016225853,0.20116386080898838,0.19955598050513446
