age_group,书籍,家居,服装,电子产品,食品
青年,0.197243804573268,0.20003558365150864,0.2024253992590034,0.2028229696863532,0.19747224282986675
中年,0.2039088611749774,0.1975999809125879,0.19774291351952925,0.19873229257880973,0.20201595181409573
中老年,0.199618517566226,0.19962097269539258,0.2005499042946012,0.2009645979301922,0.19924600751358804
老年,0.1998384709385813,0.20004829297032153,0.1996453492839933,0.2009591541422209,0.19950873266488295
