age_group,书籍,家居,服装,电子产品,食品
青年,0.19735580708904465,0.20443409629304854,0.1962264854996315,0.20688699595518492,0.1950966151630904
中年,0.2002508849084341,0.19819131238898433,0.2032480587924422,0.20224545099158112,0.19606429291855826
中老年,0.19938155331834137,0.199324232358368,0.2012999242876432,0.19764997343096044,0.202344316604687
老年,0.20043168796168667,0.20026691963203258,0.20154748086687882,0.19640258344592082,0.2013513280934811
