gender,书籍,家居,服装,电子产品,食品
其他,0.2133384472027306,0.1915641747707768,0.20365470055548976,0.18050328711974176,0.21093939035126105
女,0.20069353849808272,0.2009722997951851,0.1983896911353796,0.20215330289242142,0.19779116767893115
未指定,0.19666005915297968,0.19372338640320516,0.21925670715079815,0.17795188051937155,0.21240796677364546
男,0.20039637038798255,0.2009001068218862,0.19841396318304122,0.20034439758130995,0.19994516202578005
