gender,书籍,家居,服装,电子产品,食品
其他,0.18343270049729374,0.19631563040909966,0.21172349369453528,0.20193422534824298,0.20659395005082837
女,0.2028380673293906,0.19978647748437142,0.19994560402392625,0.19699787920054115,0.20043197196177057
未指定,0.194024,0.21196,0.18350133333333332,0.21500266666666668,0.195512
男,0.1977358546754682,0.19975155939317288,0.20314192139107182,0.20048339132651372,0.19888727321377336
