gender,书籍,家居,服装,电子产品,食品
其他,0.19471328574509497,0.2101772444439711,0.19269509003336147,0.1997188371145659,0.20269554266300657
女,0.1981272885306766,0.2025372370998633,0.20182127842562247,0.19769793636621755,0.19981625957762006
未指定,0.20080987123988353,0.20704582443010086,0.20550413515937246,0.18582753008646746,0.20081263908417568
男,0.19858575940841866,0.19939483493875335,0.19672441034710214,0.20169294550032296,0.20360204980540292
