gender,书籍,家居,服装,电子产品,食品
其他,0.21817335523323936,0.19055058289774277,0.20610611467489875,0.19557168919967258,0.18959825799444655
女,0.2016010849296794,0.19770974688699663,0.2014730017117998,0.19904445001781543,0.20017171645370876
未指定,0.20534338389558307,0.1869415187771698,0.20388460242900375,0.20294567763051452,0.20088481726772883
男,0.19995033055699266,0.19897793189740476,0.200426034786507,0.1999107806001496,0.20073492215894598
