age_group,书籍,家居,服装,电子产品,食品
青年,0.19035676568460533,0.20524266664305055,0.20050911176104624,0.19914694167631605,0.2047445142349818
中年,0.1981814007605173,0.1996103797682785,0.20190463665907338,0.19967011559327927,0.20063346721885156
中老年,0.20443299184589164,0.19809146992904353,0.20096647804354212,0.20023325745131026,0.19627580273021245
老年,0.2030115629955328,0.20112229037118035,0.20053979940016953,0.1989413299271071,0.1963850173060102
