gender,书籍,家居,服装,电子产品,食品
其他,0.20227505986999658,0.17798218798627127,0.21310407998852263,0.19971472084579475,0.20692395130941477
女,0.19851099106118766,0.20333140761277807,0.2014655044742983,0.19852466679030414,0.1981674300614318
未指定,0.18433785015106385,0.21728149028342453,0.19930569246918778,0.20725319578619805,0.19182177131012582
男,0.19764156247151585,0.19838883126451098,0.20392698122702002,0.19986917528980921,0.20017344974714393
