gender,书籍,家居,服装,电子产品,食品
其他,0.198763017972492,0.19924638572746847,0.21266258733576482,0.192078261633783,0.19724974733049172
女,0.20201195673441538,0.1987204521930085,0.2000082913374855,0.19839405061895057,0.20086524911614007
未指定,0.19089693443440142,0.21511972928705753,0.19731660807022078,0.1998248700372151,0.19684185817110514
男,0.19821196289277054,0.19959929968528234,0.201031350101936,0.20122820045217066,0.19992918686784045
