gender,书籍,家居,服装,电子产品,食品
其他,0.21857463231459268,0.17410555961197455,0.19851100448524042,0.1980598727443413,0.21074893084385105
女,0.20081795213714757,0.20011243130367576,0.19965419729500122,0.20014921411094846,0.199266205153227
未指定,0.19755362848014604,0.1946612766512356,0.19999478385603442,0.2048692703918628,0.20292104062072114
男,0.20053869879656885,0.20210928958454255,0.20243629132025304,0.19857010145761944,0.1963456188410161
