gender,书籍,家居,服装,电子产品,食品
其他,0.1908308295510239,0.21078384367874875,0.19729005518975473,0.1987736793880117,0.20232159219246096
女,0.2000371404147724,0.19995112401431206,0.19801986689906653,0.19946869869855186,0.20252316997329714
未指定,0.20254055346790223,0.21135634547348803,0.19794435632623103,0.20362087970993378,0.18453786502244496
男,0.20257863934610854,0.1969165065650449,0.19816011197774647,0.2013845207298082,0.20096022138129188
