age_group,书籍,家居,服装,电子产品,食品
青年,0.20080351944813646,0.20339257664466096,0.19733020639959578,0.20061238836956402,0.19786130913804278
中年,0.19849174949041423,0.20026268942339165,0.20079947805730533,0.20108648486485128,0.1993595981640375
中老年,0.19740176300271314,0.19811264763487446,0.20196735446556677,0.20174054211241288,0.20077769278443272
老年,0.199125942147537,0.20267160770566878,0.1982185887925251,0.20203586215814676,0.19794799919612235
