age_group,书籍,家居,服装,电子产品,食品
青年,0.20447439404460271,0.19515829742351615,0.19598381690392647,0.19389676018631072,0.21048673144164395
中年,0.2003952398554629,0.19982707434641794,0.2017660240531433,0.20059792134249205,0.1974137404024838
中老年,0.19824545348846975,0.20150428225528721,0.20105269254012695,0.20100804196623445,0.19818952974988163
老年,0.19949960902988637,0.19911155849826856,0.20093337767712977,0.1996703411087303,0.20078511368598498
