age_group,书籍,家居,服装,电子产品,食品
青年,0.19442359479982596,0.2007112103315213,0.20070128338830837,0.19975436330516472,0.20440954817517967
中年,0.19656269228423975,0.19729818123361254,0.20421669983425444,0.20212087784164925,0.199801548806244
中老年,0.19352891988873563,0.19879959318611115,0.20264411297795257,0.2018274267824758,0.20319994716472484
老年,0.19879639015597703,0.20417550097660161,0.19972175793091607,0.19801341581117948,0.1992929351253258
