age_group,书籍,家居,服装,电子产品,食品
青年,0.19884434015917946,0.2035144278736314,0.20047578346652453,0.19964056249045345,0.19752488601021115
中年,0.195148307962392,0.20467551784902907,0.19852999407591063,0.20376699525674666,0.19787918485592162
中老年,0.20132694572670443,0.19805874800847653,0.20578928411222802,0.19685134893258763,0.1979736732200034
老年,0.19724425050898303,0.19937639240166427,0.20415532234997313,0.19822518340314485,0.20099885133623474
