gender,书籍,家居,服装,电子产品,食品
其他,0.21779169929522318,0.19433568258940223,0.19138084051161577,0.19821195510310624,0.19827982250065257
女,0.19904943725372945,0.2003247484477408,0.20134046623689783,0.20075576724806216,0.19852958081356975
未指定,0.18973342055769074,0.19644390383514596,0.20315183171150544,0.21037595060920763,0.20029489328645025
男,0.19796912085822868,0.20226920451502683,0.19819717492478986,0.20219455452144916,0.19936994518050546
