gender,书籍,家居,服装,电子产品,食品
其他,0.1705406729826854,0.20571436349776762,0.2087770880975716,0.20929707067407166,0.20567080474790372
女,0.19860680277845497,0.20132954690980875,0.20046798005802988,0.19982934629245905,0.19976632396124733
未指定,0.2059411808282095,0.1987886714469271,0.21407716024941822,0.19635937272492726,0.1848336147505179
男,0.2033540763533429,0.19719046236197113,0.1979089096166022,0.20120655937163692,0.20033999229644683
