gender,书籍,家居,服装,电子产品,食品
其他,0.20390162511751883,0.19902007376566488,0.20726188877294846,0.20435620344446395,0.18546020889940387
女,0.19915281234103044,0.2008045723180452,0.20162729438347313,0.19903114919923381,0.19938417175821743
未指定,0.21573634762973615,0.19607263343234635,0.2066370075671026,0.1910296904611497,0.1905243209096652
男,0.20222578782909117,0.20230865733115144,0.19611262846445823,0.199987976672514,0.19936494970278512
