gender,书籍,家居,服装,电子产品,食品
其他,0.20952262414667341,0.19278213554194862,0.21106490287702628,0.19281189881569227,0.1938184386186594
女,0.1945132944517623,0.19836538021852348,0.20454567652290961,0.19923952743663542,0.20333612137016915
未指定,0.19729410466777708,0.21394224947730692,0.19776769016745013,0.20129267314797125,0.18970328253949462
男,0.19806453261857612,0.20321707416272727,0.19842213347023957,0.20118570574494993,0.1991105540035071
