gender,书籍,家居,服装,电子产品,食品
其他,0.196885736299351,0.19124288131085332,0.21286011587320303,0.20518550405940078,0.1938257624571919
女,0.2020965745567698,0.1999205193388133,0.19844219681171035,0.20047053084551608,0.19907017844719047
未指定,0.2017504693560274,0.1845685421183154,0.19718063617242176,0.19561790922735123,0.22088244312588426
男,0.19960839315444953,0.19774358808162923,0.19865690083869614,0.20407928606888948,0.19991183185633565
