age_group,书籍,家居,服装,电子产品,食品
青年,0.20264162609250963,0.1929675243843042,0.1913861069180974,0.21009405590200922,0.20291068670307955
中年,0.2013989250757975,0.1973857829180823,0.2013953714605159,0.20167877227922443,0.19814114826637988
中老年,0.20305430278623543,0.19811031942750137,0.19996048365344163,0.19714061492319288,0.20173427920962866
老年,0.1995188796867227,0.20164601365299126,0.19664445279538678,0.19943102227526208,0.20275963158963722
