age_group,书籍,家居,服装,电子产品,食品
青年,0.19439429477475725,0.20098846241572968,0.19839497738708592,0.20832212674608755,0.1979001386763396
中年,0.19766221251274443,0.1992108436568015,0.196667060054323,0.2031819145792719,0.20327796919685917
中老年,0.20132641409585236,0.20385963993209213,0.1988682172056912,0.19707662364415146,0.19886910512221284
老年,0.19791008144926991,0.20101244819769157,0.20113217273285697,0.19661935255645946,0.2033259450637221
